rooms,area_sqm,age_years,distance_km,price
1,100.2,9.6,7.97,210908
4,59.7,18.2,0.3,164260
4,42.5,18.2,9.06,167394
3,68.9,24.6,4.69,159032
3,69.8,32.0,12.1,178804
5,94.9,7.3,4.49,244847
1,83.4,18.5,4.45,151756
4,72.9,37.8,9.16,176393
2,97.2,11.1,10.05,245025
1,38.8,10.1,8.79,93727
3,50.9,22.4,0.3,122963
5,44.6,30.1,9.15,164680
4,56.4,20.1,2.86,154534
4,34.7,35.9,7.94,102421
4,79.0,30.3,1.31,209108
4,60.1,30.1,8.79,155012
3,32.6,26.6,3.77,105101
1,42.7,47.9,1.87,69688
5,71.9,17.5,9.86,203731
3,83.4,0.0,7.97,200388
3,108.9,39.3,4.54,178870
2,129.1,14.5,12.8,245777
1,74.1,21.3,5.24,114373
5,43.2,35.7,7.13,117937
4,25.0,0.8,8.08,115602
4,70.9,5.0,4.52,192973
3,47.1,0.8,8.88,120658
5,55.9,10.5,4.87,196703
3,51.5,25.3,5.35,105241
3,61.9,26.3,12.45,130249
3,88.5,23.3,2.84,181884
2,68.5,3.0,0.3,156531
1,61.5,0.0,13.44,120647
3,42.2,20.7,17.2,86095
5,28.2,14.3,5.38,147568
1,54.3,25.5,0.3,104378
5,63.8,28.4,5.76,148664
5,103.9,21.7,5.86,215541
2,67.9,29.1,6.24,134027
4,86.6,22.8,2.55,204164
1,54.0,26.4,9.32,90497
4,38.9,11.5,9.1,130852
4,43.8,17.8,1.02,148257
2,49.0,22.4,9.8,121336
1,111.8,29.8,15.21,156283
5,46.9,15.3,7.69,140370
3,83.4,26.3,5.65,159867
5,45.1,16.8,6.43,164256
4,85.5,18.6,9.46,223640
4,73.5,30.0,0.3,177484
4,61.6,0.0,7.66,131032
1,64.1,4.4,5.44,95246
2,50.6,2.2,14.39,98798
3,74.8,0.0,6.3,170729
3,55.0,11.9,13.67,126478
1,38.0,29.0,2.59,73314
3,36.9,16.6,9.35,101172
1,68.8,22.4,8.28,138434
4,99.7,33.1,3.52,209697
4,68.5,35.9,7.71,150070
5,62.4,19.2,11.85,187906
4,71.3,36.2,5.7,144398
2,93.7,21.1,0.3,193992
5,69.8,10.0,6.93,203975
3,56.0,12.9,3.39,143432
2,89.3,2.2,5.63,213996
5,74.4,9.3,6.67,198946
2,98.8,15.7,0.3,235392
1,69.0,29.6,0.54,120015
3,38.1,40.6,8.93,71702
4,34.9,3.4,4.91,135651
1,101.3,24.7,0.3,159582
3,102.9,7.5,10.14,203480
1,61.1,25.7,8.09,112511
4,56.6,18.4,4.14,170897
3,97.2,0.0,1.73,210338
2,40.6,31.1,10.34,102744
2,45.3,12.7,8.4,126460
3,79.2,13.6,16.53,194159
4,56.3,7.2,8.68,171793
5,64.9,12.1,8.55,215666
3,61.4,25.1,6.33,110346
1,72.4,17.7,10.27,120229
5,96.0,23.9,9.5,217121
4,67.0,24.3,12.01,167521
4,79.2,35.8,4.91,175466
1,25.0,15.9,5.26,53693
2,63.9,2.3,5.08,179206
4,46.4,32.8,10.16,126400
5,38.2,16.0,12.99,148640
3,45.7,33.4,5.16,111202
5,57.6,24.6,5.3,177010
5,85.1,18.4,8.26,220210
2,35.8,24.2,6.02,94251
5,65.7,43.4,10.81,192117
2,54.3,44.9,0.3,139326
2,57.8,20.8,3.69,131477
4,87.1,21.9,3.87,218498
4,76.8,32.9,0.3,168147
1,94.4,9.9,3.15,172123
5,61.6,24.0,3.34,201415
1,49.7,19.7,6.2,108461
5,60.1,23.8,11.45,177072
1,70.3,10.0,6.02,147870
4,68.9,0.9,2.88,201330
4,41.1,0.0,6.77,165986
4,67.0,6.6,11.2,182123
4,70.0,14.5,3.1,179528
3,120.4,16.5,3.36,253078
4,106.3,43.2,9.23,167209
2,46.2,33.3,6.11,104169
4,58.7,8.5,9.59,98591
3,32.8,24.2,6.95,67321
3,52.0,15.1,9.81,139483
3,71.9,16.6,2.86,178607
3,91.5,22.2,6.95,172541
1,49.0,27.4,6.16,74287
1,50.6,15.9,2.14,125736
2,25.0,32.8,0.75,60807
1,61.4,6.3,9.74,156151
3,41.6,20.1,5.6,116367
4,53.4,51.2,2.91,144803
4,45.7,22.7,6.62,167355
3,62.9,37.2,11.51,136058
5,26.3,21.1,0.3,115097
3,32.7,27.0,1.01,101089
1,111.8,19.3,3.31,195078
4,36.7,18.0,12.84,95215
3,40.9,10.6,8.13,113457
4,105.4,25.2,10.07,215126
3,128.9,9.8,2.44,282345
3,39.2,28.0,2.52,111818
1,56.9,33.0,8.79,88463
3,72.5,24.4,7.23,159516
4,103.0,16.6,9.19,234813
2,43.3,25.4,6.25,108222
4,59.6,16.3,8.11,144670
1,82.1,31.2,7.63,117482
2,74.6,0.0,10.11,178066
3,56.7,16.0,10.23,130503
5,62.1,0.0,0.52,177214
2,34.8,2.1,0.3,112027
2,59.8,36.4,11.01,120029
3,59.1,30.7,11.75,103699
5,70.1,11.4,2.92,210274
5,52.8,2.0,0.3,200181
1,75.4,0.0,7.4,151201
2,87.3,13.5,10.72,181141
5,68.4,49.0,14.19,143158
1,72.7,25.2,9.07,129238
5,66.2,13.3,5.51,190388
2,65.0,25.6,3.43,126194
5,49.1,1.3,7.05,189760
2,72.0,16.4,5.8,175525
3,62.9,21.2,2.94,184924
4,111.0,19.0,15.2,259251
1,99.6,29.5,14.14,156158
3,73.5,24.1,11.54,164751
3,48.2,28.0,3.32,138483
4,40.5,11.7,10.42,134519
5,91.2,30.8,9.56,223303
4,70.8,39.5,8.77,180701
3,75.6,8.4,12.0,169621
3,26.6,9.3,9.54,81359
3,85.4,36.0,9.96,164612
5,75.0,17.7,9.55,214281
2,40.6,36.8,8.36,83660
1,54.6,14.7,0.3,116382
2,70.8,37.5,7.33,144800
1,66.2,21.6,4.78,112900
1,58.6,23.1,1.88,123400
1,62.7,38.8,13.73,100810
4,59.5,15.7,13.92,134201
4,68.4,8.7,12.44,202427
4,97.4,14.6,8.02,215190
3,25.0,25.4,12.4,49309
4,59.8,1.2,7.05,154373
1,68.9,27.6,7.81,98652
5,71.5,13.5,2.63,208349
3,56.8,33.8,8.59,124268
5,26.4,0.0,7.24,132135
1,72.2,10.6,1.79,150395
3,103.0,0.0,6.8,231446
4,31.3,10.1,6.68,128297
3,84.0,23.0,14.19,180391
3,57.8,17.8,10.58,149182
1,63.7,17.0,7.05,77972
2,41.8,18.1,8.0,90730
2,57.6,22.4,7.18,81624
2,93.6,7.9,6.19,188865
4,77.8,28.5,2.67,190399
4,103.1,28.0,6.4,245990
4,90.9,24.6,4.02,233633
2,74.7,26.7,2.0,154900
5,103.4,23.6,9.04,236296
1,74.7,44.4,8.57,124111
2,83.2,19.0,0.3,161940
1,58.5,16.3,6.51,108586
2,66.5,11.0,10.98,155437
5,49.7,7.6,11.24,156483
2,86.8,5.1,11.1,188082
5,39.1,9.3,7.16,165245
3,82.2,19.2,3.62,166880
4,60.8,24.0,2.67,183481
3,90.8,20.6,8.38,204218
2,81.5,10.8,8.52,166408
4,105.1,30.8,12.15,208519
5,81.1,28.9,11.4,188394
2,30.4,18.1,6.47,71018
4,63.5,12.2,2.02,187885
2,39.2,26.6,5.72,73299
4,53.6,22.3,7.87,157623
4,98.2,2.6,6.19,212459
3,79.0,19.2,4.69,174100
4,49.6,23.1,8.01,144672
2,42.7,9.2,4.98,151325
1,65.7,22.3,4.49,94059
1,38.2,2.5,8.25,109078
3,50.2,36.0,5.39,123521
5,71.9,35.0,7.98,196625
1,90.4,17.0,8.09,159713
3,78.4,24.4,2.44,184130
4,25.0,0.0,5.08,117651
2,71.7,6.1,12.75,173186
4,66.6,16.5,2.35,171847
2,74.1,7.1,0.3,184339
5,100.6,28.6,0.3,235818
3,25.0,44.0,7.12,72707
3,52.0,5.9,7.12,120533
1,78.0,10.0,6.53,151838
3,30.2,22.8,11.86,115602
5,97.5,39.3,0.3,234631
1,73.1,5.3,8.58,132781
4,83.6,23.0,13.25,171373
3,52.4,41.9,2.49,119924
4,82.9,0.2,5.48,183838
4,88.5,4.6,3.99,204015
3,70.1,14.9,3.42,171565
2,70.2,13.8,5.69,171477
4,70.9,29.8,12.71,218250
